{
    "loss": 0.5025660991668701,
    "accuracy": 0.7852287888526917
}