{
    "loss": 0.5594766139984131,
    "accuracy": 0.7562301754951477
}