{
    "loss": 0.6467452645301819,
    "accuracy": 0.7018577456474304
}