{
    "loss": 0.3929683566093445,
    "accuracy": 0.8318985104560852
}