{
    "loss": 6.188055992126465,
    "accuracy": 0.6887177228927612
}